Sl no.,District Name,Market Name,Commodity,Variety,Grade,Min Price (Rs./Quintal),Max Price (Rs./Quintal),Modal Price (Rs./Quintal),Price Date
1,Bangalore,Bangalore,Onion,Bangalore-Samall,FAQ,1500,2000,1800,15-Jun-24
2,Bangalore,Bangalore,Onion,Local,FAQ,2000,2500,2200,15-Jun-24
3,Bangalore,Bangalore,Onion,Onion,FAQ,2500,2800,2600,15-Jun-24
4,Bangalore,Bangalore,Onion,Puna,FAQ,2000,3200,2800,15-Jun-24
5,Bangalore,Bangalore,Onion,Bangalore-Samall,FAQ,1500,2000,1800,14-Jun-24
6,Bangalore,Bangalore,Onion,Local,FAQ,2000,2500,2200,14-Jun-24
7,Bangalore,Bangalore,Onion,Onion,FAQ,2500,3000,2600,14-Jun-24
8,Bangalore,Bangalore,Onion,Puna,FAQ,2000,3200,2800,14-Jun-24
9,Bangalore,Bangalore,Onion,Bangalore-Samall,FAQ,1500,2000,1800,13-Jun-24
10,Bangalore,Bangalore,Onion,Local,FAQ,2000,2500,2200,13-Jun-24
11,Bangalore,Bangalore,Onion,Onion,FAQ,2500,3000,2600,13-Jun-24
12,Bangalore,Bangalore,Onion,Puna,FAQ,2000,3200,2800,13-Jun-24
13,Bangalore,Bangalore,Onion,Bangalore-Samall,FAQ,1000,2000,1500,12-Jun-24
14,Bangalore,Bangalore,Onion,Local,FAQ,2000,2800,2400,12-Jun-24
15,Bangalore,Bangalore,Onion,Onion,FAQ,2800,3600,3000,12-Jun-24
16,Bangalore,Bangalore,Onion,Puna,FAQ,2500,4000,3400,12-Jun-24
17,Bangalore,Bangalore,Onion,Bangalore-Samall,FAQ,1000,2000,1500,11-Jun-24
18,Bangalore,Bangalore,Onion,Local,FAQ,2000,2800,2400,11-Jun-24
19,Bangalore,Bangalore,Onion,Onion,FAQ,2800,3600,3000,11-Jun-24
20,Bangalore,Bangalore,Onion,Puna,FAQ,2500,4000,3400,11-Jun-24
21,Bangalore,Bangalore,Onion,Bangalore-Samall,FAQ,1000,2000,1500,10-Jun-24
22,Bangalore,Bangalore,Onion,Local,FAQ,2000,2800,2400,10-Jun-24
23,Bangalore,Bangalore,Onion,Onion,FAQ,2800,3600,3000,10-Jun-24
24,Bangalore,Bangalore,Onion,Puna,FAQ,2500,4000,3400,10-Jun-24
25,Bangalore,Bangalore,Onion,Bangalore-Samall,FAQ,800,1500,1200,07-Jun-24
26,Bangalore,Bangalore,Onion,Local,FAQ,1500,2000,1800,07-Jun-24
27,Bangalore,Bangalore,Onion,Onion,FAQ,2000,2600,2200,07-Jun-24
28,Bangalore,Bangalore,Onion,Puna,FAQ,1500,3000,2200,07-Jun-24
29,Bangalore,Bangalore,Onion,Bangalore-Samall,FAQ,800,1500,1200,06-Jun-24
30,Bangalore,Bangalore,Onion,Local,FAQ,1500,2000,1800,06-Jun-24
31,Bangalore,Bangalore,Onion,Onion,FAQ,2000,2600,2200,06-Jun-24
32,Bangalore,Bangalore,Onion,Puna,FAQ,1500,3000,2200,06-Jun-24
33,Bangalore,Bangalore,Onion,Bangalore-Samall,FAQ,800,1500,1200,04-Jun-24
34,Bangalore,Bangalore,Onion,Local,FAQ,1500,2000,1800,04-Jun-24
35,Bangalore,Bangalore,Onion,Onion,FAQ,2000,2600,2200,04-Jun-24
36,Bangalore,Bangalore,Onion,Puna,FAQ,1500,3000,2200,04-Jun-24
37,Bangalore,Bangalore,Onion,Bangalore-Samall,FAQ,800,1500,1200,03-Jun-24
38,Bangalore,Bangalore,Onion,Local,FAQ,1500,2000,1800,03-Jun-24
39,Bangalore,Bangalore,Onion,Onion,FAQ,2000,2600,2200,03-Jun-24
40,Bangalore,Bangalore,Onion,Puna,FAQ,1500,3000,2200,03-Jun-24
41,Bangalore,Bangalore,Onion,Bangalore-Samall,FAQ,800,1500,1200,01-Jun-24
42,Bangalore,Bangalore,Onion,Local,FAQ,1500,2000,1800,01-Jun-24
43,Bangalore,Bangalore,Onion,Onion,FAQ,2000,2600,2200,01-Jun-24
44,Bangalore,Bangalore,Onion,Puna,FAQ,1500,3000,2200,01-Jun-24
45,Bangalore,Bangalore,Onion,Bangalore-Samall,FAQ,800,1500,1200,31-May-24
46,Bangalore,Bangalore,Onion,Local,FAQ,1500,2000,1800,31-May-24
47,Bangalore,Bangalore,Onion,Onion,FAQ,2000,2600,2200,31-May-24
48,Bangalore,Bangalore,Onion,Puna,FAQ,1500,3000,2200,31-May-24
49,Bangalore,Bangalore,Onion,Bangalore-Samall,FAQ,800,1500,1200,30-May-24
50,Bangalore,Bangalore,Onion,Local,FAQ,1500,2000,1800,30-May-24
51,Bangalore,Bangalore,Onion,Onion,FAQ,2000,2600,2200,30-May-24
52,Bangalore,Bangalore,Onion,Puna,FAQ,1500,3000,2200,30-May-24
53,Bangalore,Bangalore,Onion,Bangalore-Samall,FAQ,800,1500,1200,29-May-24
54,Bangalore,Bangalore,Onion,Local,FAQ,1500,2000,1800,29-May-24
55,Bangalore,Bangalore,Onion,Onion,FAQ,2000,2600,2200,29-May-24
56,Bangalore,Bangalore,Onion,Puna,FAQ,1500,3000,2200,29-May-24
57,Bangalore,Bangalore,Onion,Bangalore-Samall,FAQ,500,1000,700,28-May-24
58,Bangalore,Bangalore,Onion,Local,FAQ,1000,1600,1400,28-May-24
59,Bangalore,Bangalore,Onion,Onion,FAQ,1600,2000,1800,28-May-24
60,Bangalore,Bangalore,Onion,Puna,FAQ,1000,2400,1800,28-May-24
61,Bangalore,Bangalore,Onion,Bangalore-Samall,FAQ,500,1000,700,24-May-24
62,Bangalore,Bangalore,Onion,Local,FAQ,1000,1600,1400,24-May-24
63,Bangalore,Bangalore,Onion,Onion,FAQ,1600,2000,1800,24-May-24
64,Bangalore,Bangalore,Onion,Puna,FAQ,1000,2400,1800,24-May-24
65,Bangalore,Bangalore,Onion,Bangalore-Samall,FAQ,500,1000,700,23-May-24
66,Bangalore,Bangalore,Onion,Local,FAQ,1000,1600,1400,23-May-24
67,Bangalore,Bangalore,Onion,Onion,FAQ,1600,2000,1800,23-May-24
68,Bangalore,Bangalore,Onion,Puna,FAQ,1000,2400,1800,23-May-24
69,Bangalore,Bangalore,Onion,Bangalore-Samall,FAQ,500,1000,800,22-May-24
70,Bangalore,Bangalore,Onion,Local,FAQ,1000,1500,1300,22-May-24
71,Bangalore,Bangalore,Onion,Onion,FAQ,1500,2000,1800,22-May-24
72,Bangalore,Bangalore,Onion,Puna,FAQ,1500,2600,2000,22-May-24
73,Bangalore,Bangalore,Onion,Bangalore-Samall,FAQ,500,1000,800,21-May-24
74,Bangalore,Bangalore,Onion,Local,FAQ,1000,1500,1300,21-May-24
75,Bangalore,Bangalore,Onion,Onion,FAQ,1500,2000,1800,21-May-24
76,Bangalore,Bangalore,Onion,Puna,FAQ,1500,2600,2000,21-May-24
77,Bangalore,Bangalore,Onion,Bangalore-Samall,FAQ,800,1000,800,20-May-24
78,Bangalore,Bangalore,Onion,Local,FAQ,1000,1800,1500,20-May-24
79,Bangalore,Bangalore,Onion,Onion,FAQ,1800,2200,1900,20-May-24
80,Bangalore,Bangalore,Onion,Puna,FAQ,1500,2600,2000,20-May-24
81,Bangalore,Bangalore,Onion,Bangalore-Samall,FAQ,800,1000,800,16-May-24
82,Bangalore,Bangalore,Onion,Local,FAQ,1000,1800,1500,16-May-24
83,Bangalore,Bangalore,Onion,Onion,FAQ,1800,2200,1900,16-May-24
84,Bangalore,Bangalore,Onion,Puna,FAQ,1500,2600,2000,16-May-24
85,Bangalore,Bangalore,Onion,Bangalore-Samall,FAQ,800,1000,800,15-May-24
86,Bangalore,Bangalore,Onion,Local,FAQ,1000,1800,1500,15-May-24
87,Bangalore,Bangalore,Onion,Onion,FAQ,1800,2200,1900,15-May-24
88,Bangalore,Bangalore,Onion,Puna,FAQ,1500,2600,2000,15-May-24
89,Bangalore,Bangalore,Onion,Bangalore-Samall,FAQ,800,1200,1000,14-May-24
90,Bangalore,Bangalore,Onion,Local,FAQ,1200,1800,1500,14-May-24
91,Bangalore,Bangalore,Onion,Onion,FAQ,1800,2300,2000,14-May-24
92,Bangalore,Bangalore,Onion,Puna,FAQ,2000,2500,2200,14-May-24
93,Bangalore,Bangalore,Onion,Bangalore-Samall,FAQ,800,1200,1000,13-May-24
94,Bangalore,Bangalore,Onion,Local,FAQ,1200,1800,1500,13-May-24
95,Bangalore,Bangalore,Onion,Onion,FAQ,1800,2300,2000,13-May-24
96,Bangalore,Bangalore,Onion,Puna,FAQ,2000,2500,2200,13-May-24
97,Bangalore,Bangalore,Onion,Bangalore-Samall,FAQ,800,1200,1000,08-May-24
98,Bangalore,Bangalore,Onion,Local,FAQ,1200,1800,1500,08-May-24
99,Bangalore,Bangalore,Onion,Onion,FAQ,1800,2300,2000,08-May-24
100,Bangalore,Bangalore,Onion,Puna,FAQ,2000,2500,2200,08-May-24
101,Bangalore,Bangalore,Onion,Bangalore-Samall,FAQ,800,1200,1000,07-May-24
102,Bangalore,Bangalore,Onion,Local,FAQ,1200,1800,1500,07-May-24
103,Bangalore,Bangalore,Onion,Onion,FAQ,1800,2300,2000,07-May-24
104,Bangalore,Bangalore,Onion,Puna,FAQ,2000,2500,2200,07-May-24
105,Bangalore,Bangalore,Onion,Bangalore-Samall,FAQ,1000,1500,1200,06-May-24
106,Bangalore,Bangalore,Onion,Local,FAQ,1500,2000,1800,06-May-24
107,Bangalore,Bangalore,Onion,Onion,FAQ,2000,2500,2300,06-May-24
108,Bangalore,Bangalore,Onion,Puna,FAQ,1500,2800,2400,06-May-24
109,Bangalore,Bangalore,Onion,Bangalore-Samall,FAQ,500,1200,700,04-May-24
110,Bangalore,Bangalore,Onion,Local,FAQ,1200,1700,1400,04-May-24
111,Bangalore,Bangalore,Onion,Onion,FAQ,1700,2100,1800,04-May-24
112,Bangalore,Bangalore,Onion,Puna,FAQ,1000,2100,1700,04-May-24
113,Bangalore,Bangalore,Onion,Bangalore-Samall,FAQ,500,1200,700,03-May-24
114,Bangalore,Bangalore,Onion,Local,FAQ,1200,1700,1400,03-May-24
115,Bangalore,Bangalore,Onion,Onion,FAQ,1700,2100,1800,03-May-24
116,Bangalore,Bangalore,Onion,Puna,FAQ,1000,2100,1700,03-May-24
117,Bangalore,Bangalore,Onion,Bangalore-Samall,FAQ,500,1200,700,02-May-24
118,Bangalore,Bangalore,Onion,Local,FAQ,1200,1700,1400,02-May-24
119,Bangalore,Bangalore,Onion,Onion,FAQ,1700,2100,1800,02-May-24
120,Bangalore,Bangalore,Onion,Puna,FAQ,1000,2100,1700,02-May-24
121,Bangalore,Bangalore,Onion,Bangalore-Samall,FAQ,500,1200,700,30-Apr-24
122,Bangalore,Bangalore,Onion,Local,FAQ,1200,1700,1400,30-Apr-24
123,Bangalore,Bangalore,Onion,Onion,FAQ,1700,2100,1800,30-Apr-24
124,Bangalore,Bangalore,Onion,Puna,FAQ,1000,2100,1700,30-Apr-24
125,Bangalore,Bangalore,Onion,Bangalore-Samall,FAQ,500,1200,700,29-Apr-24
126,Bangalore,Bangalore,Onion,Local,FAQ,1200,1700,1400,29-Apr-24
127,Bangalore,Bangalore,Onion,Onion,FAQ,1700,2100,1800,29-Apr-24
128,Bangalore,Bangalore,Onion,Puna,FAQ,1000,2100,1700,29-Apr-24
129,Bangalore,Bangalore,Onion,Bangalore-Samall,FAQ,500,1200,700,25-Apr-24
130,Bangalore,Bangalore,Onion,Local,FAQ,1200,1700,1400,25-Apr-24
131,Bangalore,Bangalore,Onion,Onion,FAQ,1700,2100,1800,25-Apr-24
132,Bangalore,Bangalore,Onion,Puna,FAQ,1000,2100,1700,25-Apr-24
133,Bangalore,Bangalore,Onion,Bangalore-Samall,FAQ,500,1200,700,24-Apr-24
134,Bangalore,Bangalore,Onion,Local,FAQ,1200,1700,1400,24-Apr-24
135,Bangalore,Bangalore,Onion,Onion,FAQ,1700,2100,1800,24-Apr-24
136,Bangalore,Bangalore,Onion,Puna,FAQ,1000,2100,1700,24-Apr-24
137,Bangalore,Bangalore,Onion,Bangalore-Samall,FAQ,500,1200,700,23-Apr-24
138,Bangalore,Bangalore,Onion,Local,FAQ,1200,1700,1400,23-Apr-24
139,Bangalore,Bangalore,Onion,Onion,FAQ,1700,2100,1800,23-Apr-24
140,Bangalore,Bangalore,Onion,Puna,FAQ,1000,2100,1700,23-Apr-24
141,Bangalore,Bangalore,Onion,Bangalore-Samall,FAQ,500,1200,700,22-Apr-24
142,Bangalore,Bangalore,Onion,Local,FAQ,1200,1700,1400,22-Apr-24
143,Bangalore,Bangalore,Onion,Onion,FAQ,1700,2100,1800,22-Apr-24
144,Bangalore,Bangalore,Onion,Puna,FAQ,1000,2100,1700,22-Apr-24
145,Bangalore,Bangalore,Onion,Bangalore-Samall,FAQ,500,1200,700,19-Apr-24
146,Bangalore,Bangalore,Onion,Local,FAQ,1200,1700,1400,19-Apr-24
147,Bangalore,Bangalore,Onion,Onion,FAQ,1700,2100,1800,19-Apr-24
148,Bangalore,Bangalore,Onion,Puna,FAQ,1000,2100,1700,19-Apr-24
149,Bangalore,Bangalore,Onion,Bangalore-Samall,FAQ,500,1200,700,18-Apr-24
150,Bangalore,Bangalore,Onion,Local,FAQ,1200,1700,1400,18-Apr-24
151,Bangalore,Bangalore,Onion,Onion,FAQ,1700,2100,1800,18-Apr-24
152,Bangalore,Bangalore,Onion,Puna,FAQ,1000,2100,1700,18-Apr-24
153,Bangalore,Bangalore,Onion,Bangalore-Samall,FAQ,500,1200,700,17-Apr-24
154,Bangalore,Bangalore,Onion,Local,FAQ,1200,1700,1400,17-Apr-24
155,Bangalore,Bangalore,Onion,Onion,FAQ,1700,2100,1800,17-Apr-24
156,Bangalore,Bangalore,Onion,Puna,FAQ,1000,2100,1700,17-Apr-24
157,Bangalore,Bangalore,Onion,Bangalore-Samall,FAQ,500,1200,700,16-Apr-24
158,Bangalore,Bangalore,Onion,Local,FAQ,1200,1700,1400,16-Apr-24
159,Bangalore,Bangalore,Onion,Onion,FAQ,1700,2100,1800,16-Apr-24
160,Bangalore,Bangalore,Onion,Puna,FAQ,1000,2100,1700,16-Apr-24
161,Bangalore,Bangalore,Onion,Bangalore-Samall,FAQ,500,1200,700,15-Apr-24
162,Bangalore,Bangalore,Onion,Local,FAQ,1200,1700,1400,15-Apr-24
163,Bangalore,Bangalore,Onion,Onion,FAQ,1700,2100,1800,15-Apr-24
164,Bangalore,Bangalore,Onion,Puna,FAQ,1000,2100,1700,15-Apr-24
165,Bangalore,Bangalore,Onion,Bangalore-Samall,FAQ,400,1000,700,05-Apr-24
166,Bangalore,Bangalore,Onion,Local,FAQ,1000,1700,1400,05-Apr-24
167,Bangalore,Bangalore,Onion,Onion,FAQ,1600,2300,1700,05-Apr-24
168,Bangalore,Bangalore,Onion,Puna,FAQ,1000,2100,1700,05-Apr-24
169,Bangalore,Bangalore,Onion,Bangalore-Samall,FAQ,500,1200,800,30-Mar-24
170,Bangalore,Bangalore,Onion,Local,FAQ,1100,1700,1400,30-Mar-24
171,Bangalore,Bangalore,Onion,Onion,FAQ,1700,2200,2000,30-Mar-24
172,Bangalore,Bangalore,Onion,Puna,FAQ,1000,2000,1700,30-Mar-24
173,Bangalore,Bangalore,Onion,Bangalore-Samall,FAQ,500,1200,800,28-Mar-24
174,Bangalore,Bangalore,Onion,Local,FAQ,1100,1700,1400,28-Mar-24
175,Bangalore,Bangalore,Onion,Onion,FAQ,1700,2200,2000,28-Mar-24
176,Bangalore,Bangalore,Onion,Puna,FAQ,1000,2000,1700,28-Mar-24
177,Bangalore,Bangalore,Onion,Bangalore-Samall,FAQ,200,800,600,27-Mar-24
178,Bangalore,Bangalore,Onion,Local,FAQ,800,1400,1100,27-Mar-24
179,Bangalore,Bangalore,Onion,Onion,FAQ,1400,2000,1700,27-Mar-24
180,Bangalore,Bangalore,Onion,Puna,FAQ,1000,1800,1600,27-Mar-24
181,Bangalore,Bangalore,Onion,Bangalore-Samall,FAQ,200,800,600,26-Mar-24
182,Bangalore,Bangalore,Onion,Local,FAQ,800,1400,1100,26-Mar-24
183,Bangalore,Bangalore,Onion,Onion,FAQ,1400,2000,1700,26-Mar-24
184,Bangalore,Bangalore,Onion,Puna,FAQ,1000,1800,1600,26-Mar-24
185,Bangalore,Bangalore,Onion,Bangalore-Samall,FAQ,200,800,600,25-Mar-24
186,Bangalore,Bangalore,Onion,Local,FAQ,800,1400,1100,25-Mar-24
187,Bangalore,Bangalore,Onion,Onion,FAQ,1400,2000,1700,25-Mar-24
188,Bangalore,Bangalore,Onion,Puna,FAQ,1000,1800,1600,25-Mar-24
189,Bangalore,Bangalore,Onion,Bangalore-Samall,FAQ,200,800,600,22-Mar-24
190,Bangalore,Bangalore,Onion,Local,FAQ,800,1400,1100,22-Mar-24
191,Bangalore,Bangalore,Onion,Onion,FAQ,1400,2000,1700,22-Mar-24
192,Bangalore,Bangalore,Onion,Puna,FAQ,1000,1800,1600,22-Mar-24
193,Bangalore,Bangalore,Onion,Bangalore-Samall,FAQ,200,1000,600,21-Mar-24
194,Bangalore,Bangalore,Onion,Local,FAQ,1000,1400,1200,21-Mar-24
195,Bangalore,Bangalore,Onion,Onion,FAQ,1400,2000,1700,21-Mar-24
196,Bangalore,Bangalore,Onion,Puna,FAQ,1000,1800,1600,21-Mar-24
197,Bangalore,Bangalore,Onion,Bangalore-Samall,FAQ,200,1000,600,20-Mar-24
198,Bangalore,Bangalore,Onion,Local,FAQ,1000,1400,1200,20-Mar-24
199,Bangalore,Bangalore,Onion,Onion,FAQ,1400,2000,1700,20-Mar-24
200,Bangalore,Bangalore,Onion,Puna,FAQ,1000,1800,1600,20-Mar-24
201,Bangalore,Bangalore,Onion,Bangalore-Samall,FAQ,500,1000,700,18-Mar-24
202,Bangalore,Bangalore,Onion,Local,FAQ,1000,1700,1300,18-Mar-24
203,Bangalore,Bangalore,Onion,Onion,FAQ,1700,2300,2000,18-Mar-24
204,Bangalore,Bangalore,Onion,Puna,FAQ,1000,2200,1800,18-Mar-24
205,Bangalore,Bangalore,Onion,Bangalore-Samall,FAQ,500,1000,700,15-Mar-24
206,Bangalore,Bangalore,Onion,Local,FAQ,1000,1700,1300,15-Mar-24
207,Bangalore,Bangalore,Onion,Onion,FAQ,1700,2300,2000,15-Mar-24
208,Bangalore,Bangalore,Onion,Puna,FAQ,1000,2200,1800,15-Mar-24
209,Bangalore,Bangalore,Onion,Bangalore-Samall,FAQ,500,1000,700,14-Mar-24
210,Bangalore,Bangalore,Onion,Local,FAQ,1000,1700,1300,14-Mar-24
211,Bangalore,Bangalore,Onion,Onion,FAQ,1700,2300,2000,14-Mar-24
212,Bangalore,Bangalore,Onion,Puna,FAQ,1000,2200,1800,14-Mar-24
213,Bangalore,Bangalore,Onion,Bangalore-Samall,FAQ,500,1000,700,13-Mar-24
214,Bangalore,Bangalore,Onion,Local,FAQ,1000,1700,1300,13-Mar-24
215,Bangalore,Bangalore,Onion,Onion,FAQ,1700,2300,2000,13-Mar-24
216,Bangalore,Bangalore,Onion,Puna,FAQ,1000,2200,1800,13-Mar-24
217,Bangalore,Bangalore,Onion,Bangalore-Samall,FAQ,300,1000,800,12-Mar-24
218,Bangalore,Bangalore,Onion,Local,FAQ,1000,1500,1300,12-Mar-24
219,Bangalore,Bangalore,Onion,Onion,FAQ,1500,2200,1800,12-Mar-24
220,Bangalore,Bangalore,Onion,Puna,FAQ,1000,2000,1600,12-Mar-24
221,Bangalore,Bangalore,Onion,Bangalore-Samall,FAQ,300,1000,800,11-Mar-24
222,Bangalore,Bangalore,Onion,Local,FAQ,1000,1500,1300,11-Mar-24
223,Bangalore,Bangalore,Onion,Onion,FAQ,1500,2200,1800,11-Mar-24
224,Bangalore,Bangalore,Onion,Puna,FAQ,1000,2000,1600,11-Mar-24
225,Bangalore,Bangalore,Onion,Bangalore-Samall,FAQ,300,1000,800,07-Mar-24
226,Bangalore,Bangalore,Onion,Local,FAQ,1000,1500,1300,07-Mar-24
227,Bangalore,Bangalore,Onion,Onion,FAQ,1500,2200,1800,07-Mar-24
228,Bangalore,Bangalore,Onion,Puna,FAQ,1000,2000,1600,07-Mar-24
229,Bangalore,Bangalore,Onion,Bangalore-Samall,FAQ,300,1000,800,06-Mar-24
230,Bangalore,Bangalore,Onion,Local,FAQ,1000,1500,1300,06-Mar-24
231,Bangalore,Bangalore,Onion,Onion,FAQ,1500,2200,1800,06-Mar-24
232,Bangalore,Bangalore,Onion,Puna,FAQ,1000,2000,1600,06-Mar-24
233,Bangalore,Bangalore,Onion,Bangalore-Samall,FAQ,300,1000,800,05-Mar-24
234,Bangalore,Bangalore,Onion,Local,FAQ,1000,1500,1300,05-Mar-24
235,Bangalore,Bangalore,Onion,Onion,FAQ,1500,2200,1800,05-Mar-24
236,Bangalore,Bangalore,Onion,Puna,FAQ,1000,2000,1600,05-Mar-24
237,Bangalore,Bangalore,Onion,Bangalore-Samall,FAQ,500,1000,600,04-Mar-24
238,Bangalore,Bangalore,Onion,Local,FAQ,1000,1600,1300,04-Mar-24
239,Bangalore,Bangalore,Onion,Onion,FAQ,1600,2200,1800,04-Mar-24
240,Bangalore,Bangalore,Onion,Puna,FAQ,1000,2200,1800,04-Mar-24
241,Bangalore,Bangalore,Onion,Bangalore-Samall,FAQ,500,1000,600,02-Mar-24
242,Bangalore,Bangalore,Onion,Local,FAQ,1000,1600,1300,02-Mar-24
243,Bangalore,Bangalore,Onion,Onion,FAQ,1600,2200,1800,02-Mar-24
244,Bangalore,Bangalore,Onion,Puna,FAQ,1000,2200,1800,02-Mar-24
245,Bangalore,Bangalore,Onion,Bangalore-Samall,FAQ,500,1000,600,01-Mar-24
246,Bangalore,Bangalore,Onion,Local,FAQ,1000,1600,1300,01-Mar-24
247,Bangalore,Bangalore,Onion,Onion,FAQ,1600,2200,1800,01-Mar-24
248,Bangalore,Bangalore,Onion,Puna,FAQ,1000,2200,1800,01-Mar-24
249,Bangalore,Bangalore,Onion,Bangalore-Samall,FAQ,1000,1600,1400,29-Feb-24
250,Bangalore,Bangalore,Onion,Local,FAQ,1600,2000,1800,29-Feb-24
251,Bangalore,Bangalore,Onion,Onion,FAQ,2000,2800,2400,29-Feb-24
252,Bangalore,Bangalore,Onion,Puna,FAQ,1500,2500,2200,29-Feb-24
253,Bangalore,Bangalore,Onion,Bangalore-Samall,FAQ,1000,1600,1400,28-Feb-24
254,Bangalore,Bangalore,Onion,Local,FAQ,1600,2000,1800,28-Feb-24
255,Bangalore,Bangalore,Onion,Onion,FAQ,2000,2800,2400,28-Feb-24
256,Bangalore,Bangalore,Onion,Puna,FAQ,1500,2500,2200,28-Feb-24
257,Bangalore,Bangalore,Onion,Bangalore-Samall,FAQ,1000,1600,1400,27-Feb-24
258,Bangalore,Bangalore,Onion,Local,FAQ,1600,2000,1800,27-Feb-24
259,Bangalore,Bangalore,Onion,Onion,FAQ,2000,2800,2400,27-Feb-24
260,Bangalore,Bangalore,Onion,Puna,FAQ,1500,2500,2200,27-Feb-24
261,Bangalore,Bangalore,Onion,Bangalore-Samall,FAQ,1000,1800,1500,21-Feb-24
262,Bangalore,Bangalore,Onion,Local,FAQ,1800,2400,2000,21-Feb-24
263,Bangalore,Bangalore,Onion,Onion,FAQ,2400,3000,2400,21-Feb-24
264,Bangalore,Bangalore,Onion,Puna,FAQ,1800,2700,2400,21-Feb-24
265,Bangalore,Bangalore,Onion,Bangalore-Samall,FAQ,1000,1800,1500,20-Feb-24
266,Bangalore,Bangalore,Onion,Local,FAQ,1800,2400,2000,20-Feb-24
267,Bangalore,Bangalore,Onion,Onion,FAQ,2400,3000,2400,20-Feb-24
268,Bangalore,Bangalore,Onion,Puna,FAQ,1800,2700,2400,20-Feb-24
269,Bangalore,Bangalore,Onion,Bangalore-Samall,FAQ,800,1200,1000,19-Feb-24
270,Bangalore,Bangalore,Onion,Local,FAQ,1200,1800,1500,19-Feb-24
271,Bangalore,Bangalore,Onion,Onion,FAQ,1800,2600,2200,19-Feb-24
272,Bangalore,Bangalore,Onion,Puna,FAQ,1500,2300,2000,19-Feb-24
273,Bangalore,Bangalore,Onion,Bangalore-Samall,FAQ,800,1200,1000,17-Feb-24
274,Bangalore,Bangalore,Onion,Local,FAQ,1400,1600,1500,17-Feb-24
275,Bangalore,Bangalore,Onion,Onion,FAQ,1600,2200,1800,17-Feb-24
276,Bangalore,Bangalore,Onion,Puna,FAQ,1000,2000,1700,17-Feb-24
277,Bangalore,Bangalore,Onion,Bangalore-Samall,FAQ,800,1200,1000,16-Feb-24
278,Bangalore,Bangalore,Onion,Local,FAQ,1400,1600,1500,16-Feb-24
279,Bangalore,Bangalore,Onion,Onion,FAQ,1600,2200,1800,16-Feb-24
280,Bangalore,Bangalore,Onion,Puna,FAQ,1000,2000,1700,16-Feb-24
281,Bangalore,Bangalore,Onion,Bangalore-Samall,FAQ,800,1200,1000,15-Feb-24
282,Bangalore,Bangalore,Onion,Local,FAQ,1400,1600,1500,15-Feb-24
283,Bangalore,Bangalore,Onion,Onion,FAQ,1600,2200,1800,15-Feb-24
284,Bangalore,Bangalore,Onion,Puna,FAQ,1000,2000,1700,15-Feb-24
285,Bangalore,Bangalore,Onion,Bangalore-Samall,FAQ,800,1200,1000,14-Feb-24
286,Bangalore,Bangalore,Onion,Local,FAQ,1400,1600,1500,14-Feb-24
287,Bangalore,Bangalore,Onion,Onion,FAQ,1600,2200,1800,14-Feb-24
288,Bangalore,Bangalore,Onion,Puna,FAQ,1000,2000,1700,14-Feb-24
289,Bangalore,Bangalore,Onion,Bangalore-Samall,FAQ,500,1000,800,08-Feb-24
290,Bangalore,Bangalore,Onion,Local,FAQ,1000,1500,1300,08-Feb-24
291,Bangalore,Bangalore,Onion,Onion,FAQ,1500,2000,1600,08-Feb-24
292,Bangalore,Bangalore,Onion,Puna,FAQ,1000,1800,1700,08-Feb-24
293,Bangalore,Bangalore,Onion,Bangalore-Samall,FAQ,500,1000,800,07-Feb-24
294,Bangalore,Bangalore,Onion,Local,FAQ,1000,1500,1300,07-Feb-24
295,Bangalore,Bangalore,Onion,Onion,FAQ,1500,2000,1600,07-Feb-24
296,Bangalore,Bangalore,Onion,Puna,FAQ,1000,1800,1700,07-Feb-24
297,Bangalore,Bangalore,Onion,Bangalore-Samall,FAQ,500,1000,800,03-Feb-24
298,Bangalore,Bangalore,Onion,Local,FAQ,1000,1600,1200,03-Feb-24
299,Bangalore,Bangalore,Onion,Onion,FAQ,1600,2400,1800,03-Feb-24
300,Bangalore,Bangalore,Onion,Puna,FAQ,1000,2400,1800,03-Feb-24
301,Bangalore,Bangalore,Onion,Bangalore-Samall,FAQ,500,1000,800,02-Feb-24
302,Bangalore,Bangalore,Onion,Local,FAQ,1000,1600,1200,02-Feb-24
303,Bangalore,Bangalore,Onion,Onion,FAQ,1600,2400,1800,02-Feb-24
304,Bangalore,Bangalore,Onion,Puna,FAQ,1000,2400,1800,02-Feb-24
305,Bangalore,Bangalore,Onion,Bangalore-Samall,FAQ,500,1000,800,01-Feb-24
306,Bangalore,Bangalore,Onion,Local,FAQ,1000,1600,1200,01-Feb-24
307,Bangalore,Bangalore,Onion,Onion,FAQ,1600,2400,1800,01-Feb-24
308,Bangalore,Bangalore,Onion,Puna,FAQ,1000,2400,1800,01-Feb-24
309,Bangalore,Bangalore,Onion,Bangalore-Samall,FAQ,500,1000,800,30-Jan-24
310,Bangalore,Bangalore,Onion,Local,FAQ,1000,1400,1300,30-Jan-24
311,Bangalore,Bangalore,Onion,Onion,FAQ,1400,1700,1500,30-Jan-24
312,Bangalore,Bangalore,Onion,Puna,FAQ,1000,1900,1600,30-Jan-24
313,Bangalore,Bangalore,Onion,Bangalore-Samall,FAQ,400,600,500,29-Jan-24
314,Bangalore,Bangalore,Onion,Local,FAQ,600,1000,900,29-Jan-24
315,Bangalore,Bangalore,Onion,Onion,FAQ,1000,1400,1200,29-Jan-24
316,Bangalore,Bangalore,Onion,Puna,FAQ,1000,1600,1300,29-Jan-24
317,Bangalore,Bangalore,Onion,Bangalore-Samall,FAQ,400,800,700,25-Jan-24
318,Bangalore,Bangalore,Onion,Local,FAQ,900,1300,1100,25-Jan-24
319,Bangalore,Bangalore,Onion,Onion,FAQ,1300,1600,1500,25-Jan-24
320,Bangalore,Bangalore,Onion,Puna,FAQ,1000,1800,1600,25-Jan-24
321,Bangalore,Bangalore,Onion,Bangalore-Samall,FAQ,400,800,700,24-Jan-24
322,Bangalore,Bangalore,Onion,Local,FAQ,900,1300,1100,24-Jan-24
323,Bangalore,Bangalore,Onion,Onion,FAQ,1300,1600,1500,24-Jan-24
324,Bangalore,Bangalore,Onion,Puna,FAQ,1000,1800,1600,24-Jan-24
325,Bangalore,Bangalore,Onion,Bangalore-Samall,FAQ,600,1000,800,23-Jan-24
326,Bangalore,Bangalore,Onion,Local,FAQ,1200,1500,1300,23-Jan-24
327,Bangalore,Bangalore,Onion,Onion,FAQ,1500,1800,1600,23-Jan-24
328,Bangalore,Bangalore,Onion,Puna,FAQ,1000,2000,1700,23-Jan-24
329,Bangalore,Bangalore,Onion,Bangalore-Samall,FAQ,600,1200,800,22-Jan-24
330,Bangalore,Bangalore,Onion,Local,FAQ,1200,1600,1400,22-Jan-24
331,Bangalore,Bangalore,Onion,Onion,FAQ,1600,2000,1800,22-Jan-24
332,Bangalore,Bangalore,Onion,Puna,FAQ,1500,2200,1800,22-Jan-24
333,Bangalore,Bangalore,Onion,Bangalore-Samall,FAQ,500,1000,1000,20-Jan-24
334,Bangalore,Bangalore,Onion,Local,FAQ,1000,1500,1300,20-Jan-24
335,Bangalore,Bangalore,Onion,Onion,FAQ,1600,1800,1700,20-Jan-24
336,Bangalore,Bangalore,Onion,Puna,FAQ,1500,2200,2000,20-Jan-24
337,Bangalore,Bangalore,Onion,Bangalore-Samall,FAQ,500,1000,1000,19-Jan-24
338,Bangalore,Bangalore,Onion,Local,FAQ,1000,1500,1300,19-Jan-24
339,Bangalore,Bangalore,Onion,Onion,FAQ,1600,1800,1700,19-Jan-24
340,Bangalore,Bangalore,Onion,Puna,FAQ,1500,2200,2000,19-Jan-24
341,Bangalore,Bangalore,Onion,Bangalore-Samall,FAQ,600,1200,1000,10-Jan-24
342,Bangalore,Bangalore,Onion,Local,FAQ,1200,1700,1500,10-Jan-24
343,Bangalore,Bangalore,Onion,Onion,FAQ,1700,2000,1800,10-Jan-24
344,Bangalore,Bangalore,Onion,Puna,FAQ,1500,2200,1800,10-Jan-24
345,Bangalore,Bangalore,Onion,Bangalore-Samall,FAQ,600,1200,1000,09-Jan-24
346,Bangalore,Bangalore,Onion,Local,FAQ,1200,1700,1500,09-Jan-24
347,Bangalore,Bangalore,Onion,Onion,FAQ,1700,2000,1800,09-Jan-24
348,Bangalore,Bangalore,Onion,Puna,FAQ,1500,2200,1800,09-Jan-24
349,Bangalore,Bangalore,Onion,Bangalore-Samall,FAQ,1000,1500,1300,08-Jan-24
350,Bangalore,Bangalore,Onion,Local,FAQ,1500,2000,1800,08-Jan-24
351,Bangalore,Bangalore,Onion,Onion,FAQ,2000,2400,2200,08-Jan-24
352,Bangalore,Bangalore,Onion,Puna,FAQ,1500,2300,2000,08-Jan-24
353,Bangalore,Bangalore,Onion,Bangalore-Samall,FAQ,1000,1500,1300,06-Jan-24
354,Bangalore,Bangalore,Onion,Local,FAQ,1500,2000,1800,06-Jan-24
355,Bangalore,Bangalore,Onion,Onion,FAQ,2000,2400,2200,06-Jan-24
356,Bangalore,Bangalore,Onion,Puna,FAQ,1500,2300,2000,06-Jan-24
357,Bangalore,Bangalore,Onion,Bangalore-Samall,FAQ,1000,1500,1300,05-Jan-24
358,Bangalore,Bangalore,Onion,Local,FAQ,1500,2000,1800,05-Jan-24
359,Bangalore,Bangalore,Onion,Onion,FAQ,2000,2400,2200,05-Jan-24
360,Bangalore,Bangalore,Onion,Puna,FAQ,1500,2300,2000,05-Jan-24
361,Bangalore,Bangalore,Onion,Bangalore-Samall,FAQ,1000,1500,1300,04-Jan-24
362,Bangalore,Bangalore,Onion,Local,FAQ,1500,2000,1800,04-Jan-24
363,Bangalore,Bangalore,Onion,Onion,FAQ,2000,2400,2200,04-Jan-24
364,Bangalore,Bangalore,Onion,Puna,FAQ,1500,2300,2000,04-Jan-24
365,Bangalore,Bangalore,Onion,Bangalore-Samall,FAQ,1000,1500,1300,03-Jan-24
366,Bangalore,Bangalore,Onion,Local,FAQ,1500,2000,1800,03-Jan-24
367,Bangalore,Bangalore,Onion,Onion,FAQ,2000,2400,2200,03-Jan-24
368,Bangalore,Bangalore,Onion,Puna,FAQ,1500,2300,2000,03-Jan-24
369,Bangalore,Bangalore,Onion,Bangalore-Samall,FAQ,1000,1500,1300,02-Jan-24
370,Bangalore,Bangalore,Onion,Local,FAQ,1500,2000,1800,02-Jan-24
371,Bangalore,Bangalore,Onion,Onion,FAQ,2000,2400,2200,02-Jan-24
372,Bangalore,Bangalore,Onion,Puna,FAQ,1500,2300,2000,02-Jan-24
373,Bangalore,Bangalore,Onion,Bangalore-Samall,FAQ,1000,1500,1300,01-Jan-24
374,Bangalore,Bangalore,Onion,Local,FAQ,1500,2000,1800,01-Jan-24
375,Bangalore,Bangalore,Onion,Onion,FAQ,2000,2400,2200,01-Jan-24
376,Bangalore,Bangalore,Onion,Puna,FAQ,1500,2300,2000,01-Jan-24
377,Bangalore,Bangalore,Onion,Bangalore-Samall,FAQ,1000,1500,1300,30-Dec-23
378,Bangalore,Bangalore,Onion,Local,FAQ,1500,2000,1800,30-Dec-23
379,Bangalore,Bangalore,Onion,Onion,FAQ,2000,2400,2200,30-Dec-23
380,Bangalore,Bangalore,Onion,Puna,FAQ,1500,2300,2000,30-Dec-23
381,Bangalore,Bangalore,Onion,Bangalore-Samall,FAQ,1000,1500,1300,29-Dec-23
382,Bangalore,Bangalore,Onion,Local,FAQ,1500,2000,1800,29-Dec-23
383,Bangalore,Bangalore,Onion,Onion,FAQ,2000,2400,2200,29-Dec-23
384,Bangalore,Bangalore,Onion,Puna,FAQ,1500,2300,2000,29-Dec-23
385,Bangalore,Bangalore,Onion,Bangalore-Samall,FAQ,1000,1500,1300,28-Dec-23
386,Bangalore,Bangalore,Onion,Local,FAQ,1500,2000,1800,28-Dec-23
387,Bangalore,Bangalore,Onion,Onion,FAQ,2000,2400,2200,28-Dec-23
388,Bangalore,Bangalore,Onion,Puna,FAQ,1500,2300,2000,28-Dec-23
389,Bangalore,Bangalore,Onion,Bangalore-Samall,FAQ,1000,1500,1300,27-Dec-23
390,Bangalore,Bangalore,Onion,Local,FAQ,1500,2000,1800,27-Dec-23
391,Bangalore,Bangalore,Onion,Onion,FAQ,2000,2400,2200,27-Dec-23
392,Bangalore,Bangalore,Onion,Puna,FAQ,1500,2300,2000,27-Dec-23
393,Bangalore,Bangalore,Onion,Bangalore-Samall,FAQ,1000,1800,1500,22-Dec-23
394,Bangalore,Bangalore,Onion,Local,FAQ,1800,2000,1900,22-Dec-23
395,Bangalore,Bangalore,Onion,Onion,FAQ,2400,2700,2500,22-Dec-23
396,Bangalore,Bangalore,Onion,Puna,FAQ,2000,2800,2500,22-Dec-23
397,Bangalore,Bangalore,Onion,Bangalore-Samall,FAQ,1000,1800,1500,21-Dec-23
398,Bangalore,Bangalore,Onion,Local,FAQ,1800,2000,1900,21-Dec-23
399,Bangalore,Bangalore,Onion,Onion,FAQ,2400,2700,2500,21-Dec-23
400,Bangalore,Bangalore,Onion,Puna,FAQ,2000,2800,2500,21-Dec-23
401,Bangalore,Bangalore,Onion,Bangalore-Samall,FAQ,1000,2000,1600,20-Dec-23
402,Bangalore,Bangalore,Onion,Local,FAQ,2000,2500,2400,20-Dec-23
403,Bangalore,Bangalore,Onion,Onion,FAQ,2500,3200,2800,20-Dec-23
404,Bangalore,Bangalore,Onion,Puna,FAQ,2000,3200,2600,20-Dec-23
405,Bangalore,Bangalore,Onion,Bangalore-Samall,FAQ,500,1000,800,15-Dec-23
406,Bangalore,Bangalore,Onion,Local,FAQ,1500,2000,1800,15-Dec-23
407,Bangalore,Bangalore,Onion,Onion,FAQ,2000,3000,2500,15-Dec-23
408,Bangalore,Bangalore,Onion,Puna,FAQ,1000,3000,2500,15-Dec-23
409,Bangalore,Bangalore,Onion,Bangalore-Samall,FAQ,500,1000,800,14-Dec-23
410,Bangalore,Bangalore,Onion,Local,FAQ,1500,2000,1800,14-Dec-23
411,Bangalore,Bangalore,Onion,Onion,FAQ,2000,3000,2500,14-Dec-23
412,Bangalore,Bangalore,Onion,Puna,FAQ,1000,3000,2500,14-Dec-23
413,Bangalore,Bangalore,Onion,Bangalore-Samall,FAQ,500,1000,800,13-Dec-23
414,Bangalore,Bangalore,Onion,Local,FAQ,1500,2000,1800,13-Dec-23
415,Bangalore,Bangalore,Onion,Onion,FAQ,2000,3000,2500,13-Dec-23
416,Bangalore,Bangalore,Onion,Puna,FAQ,1000,3000,2500,13-Dec-23
417,Bangalore,Bangalore,Onion,Bangalore-Samall,FAQ,1000,2000,1500,12-Dec-23
418,Bangalore,Bangalore,Onion,Local,FAQ,2000,3000,2500,12-Dec-23
419,Bangalore,Bangalore,Onion,Onion,FAQ,3000,4000,3200,12-Dec-23
420,Bangalore,Bangalore,Onion,Puna,FAQ,2500,4000,3000,12-Dec-23
421,Bangalore,Bangalore,Onion,Bangalore-Samall,FAQ,1000,2000,1500,11-Dec-23
422,Bangalore,Bangalore,Onion,Local,FAQ,2000,3000,2500,11-Dec-23
423,Bangalore,Bangalore,Onion,Onion,FAQ,3000,4000,3200,11-Dec-23
424,Bangalore,Bangalore,Onion,Puna,FAQ,2500,4000,3000,11-Dec-23
425,Bangalore,Bangalore,Onion,Bangalore-Samall,FAQ,2000,3000,2600,08-Dec-23
426,Bangalore,Bangalore,Onion,Local,FAQ,3000,4000,3600,08-Dec-23
427,Bangalore,Bangalore,Onion,Onion,FAQ,4000,4600,4200,08-Dec-23
428,Bangalore,Bangalore,Onion,Puna,FAQ,4000,5200,4400,08-Dec-23
429,Bangalore,Bangalore,Onion,Bangalore-Samall,FAQ,2000,3000,2600,07-Dec-23
430,Bangalore,Bangalore,Onion,Local,FAQ,3000,4000,3600,07-Dec-23
431,Bangalore,Bangalore,Onion,Onion,FAQ,4000,4600,4200,07-Dec-23
432,Bangalore,Bangalore,Onion,Puna,FAQ,4000,5200,4400,07-Dec-23
433,Bangalore,Bangalore,Onion,Bangalore-Samall,FAQ,2000,3000,2600,06-Dec-23
434,Bangalore,Bangalore,Onion,Local,FAQ,3000,4000,3600,06-Dec-23
435,Bangalore,Bangalore,Onion,Onion,FAQ,4000,4600,4200,06-Dec-23
436,Bangalore,Bangalore,Onion,Puna,FAQ,4000,5200,4400,06-Dec-23
437,Bangalore,Bangalore,Onion,Bangalore-Samall,FAQ,2000,3000,2600,05-Dec-23
438,Bangalore,Bangalore,Onion,Local,FAQ,3000,4000,3600,05-Dec-23
439,Bangalore,Bangalore,Onion,Onion,FAQ,4000,4600,4200,05-Dec-23
440,Bangalore,Bangalore,Onion,Puna,FAQ,4000,5200,4400,05-Dec-23
441,Bangalore,Bangalore,Onion,Bangalore-Samall,FAQ,2000,3000,2600,04-Dec-23
442,Bangalore,Bangalore,Onion,Local,FAQ,3000,4000,3600,04-Dec-23
443,Bangalore,Bangalore,Onion,Onion,FAQ,4000,4600,4200,04-Dec-23
444,Bangalore,Bangalore,Onion,Puna,FAQ,4000,5200,4400,04-Dec-23
445,Bangalore,Bangalore,Onion,Bangalore-Samall,FAQ,2000,3000,2500,02-Dec-23
446,Bangalore,Bangalore,Onion,Local,FAQ,3000,3800,3600,02-Dec-23
447,Bangalore,Bangalore,Onion,Onion,FAQ,3800,4400,4000,02-Dec-23
448,Bangalore,Bangalore,Onion,Puna,FAQ,3500,5000,4400,02-Dec-23
449,Bangalore,Bangalore,Onion,Bangalore-Samall,FAQ,2000,3000,2500,01-Dec-23
450,Bangalore,Bangalore,Onion,Local,FAQ,3000,3800,3600,01-Dec-23
451,Bangalore,Bangalore,Onion,Onion,FAQ,3800,4400,4000,01-Dec-23
452,Bangalore,Bangalore,Onion,Puna,FAQ,3500,5000,4400,01-Dec-23
453,Bangalore,Bangalore,Onion,Bangalore-Samall,FAQ,2000,3000,2500,29-Nov-23
454,Bangalore,Bangalore,Onion,Local,FAQ,3000,3800,3600,29-Nov-23
455,Bangalore,Bangalore,Onion,Onion,FAQ,3800,4400,4000,29-Nov-23
456,Bangalore,Bangalore,Onion,Puna,FAQ,3500,5000,4400,29-Nov-23
457,Bangalore,Bangalore,Onion,Bangalore-Samall,FAQ,2000,3000,2500,28-Nov-23
458,Bangalore,Bangalore,Onion,Local,FAQ,3000,3800,3600,28-Nov-23
459,Bangalore,Bangalore,Onion,Onion,FAQ,3800,4400,4000,28-Nov-23
460,Bangalore,Bangalore,Onion,Puna,FAQ,3500,5000,4400,28-Nov-23
461,Bangalore,Bangalore,Onion,Bangalore-Samall,FAQ,2000,3000,2500,27-Nov-23
462,Bangalore,Bangalore,Onion,Local,FAQ,2800,3600,3400,27-Nov-23
463,Bangalore,Bangalore,Onion,Onion,FAQ,3600,4200,3800,27-Nov-23
464,Bangalore,Bangalore,Onion,Puna,FAQ,3300,4800,4200,27-Nov-23
465,Bangalore,Bangalore,Onion,Bangalore-Samall,FAQ,2000,2800,2500,23-Nov-23
466,Bangalore,Bangalore,Onion,Local,FAQ,2800,3600,3000,23-Nov-23
467,Bangalore,Bangalore,Onion,Onion,FAQ,3600,4400,4000,23-Nov-23
468,Bangalore,Bangalore,Onion,Puna,FAQ,3000,4000,3800,23-Nov-23
469,Bangalore,Bangalore,Onion,Bangalore-Samall,FAQ,2000,2800,2500,22-Nov-23
470,Bangalore,Bangalore,Onion,Local,FAQ,2800,3600,3000,22-Nov-23
471,Bangalore,Bangalore,Onion,Onion,FAQ,3600,4400,4000,22-Nov-23
472,Bangalore,Bangalore,Onion,Puna,FAQ,3000,4000,3800,22-Nov-23
473,Bangalore,Bangalore,Onion,Bangalore-Samall,FAQ,2000,3000,2500,21-Nov-23
474,Bangalore,Bangalore,Onion,Local,FAQ,3000,4000,3800,21-Nov-23
475,Bangalore,Bangalore,Onion,Onion,FAQ,4000,5000,4400,21-Nov-23
476,Bangalore,Bangalore,Onion,Puna,FAQ,3500,5000,4000,21-Nov-23
477,Bangalore,Bangalore,Onion,Bangalore-Samall,FAQ,2000,3000,2500,20-Nov-23
478,Bangalore,Bangalore,Onion,Local,FAQ,3000,4000,3800,20-Nov-23
479,Bangalore,Bangalore,Onion,Onion,FAQ,4000,5000,4400,20-Nov-23
480,Bangalore,Bangalore,Onion,Puna,FAQ,3500,5000,4000,20-Nov-23
481,Bangalore,Bangalore,Onion,Bangalore-Samall,FAQ,2500,3500,3000,18-Nov-23
482,Bangalore,Bangalore,Onion,Local,FAQ,3500,4200,3800,18-Nov-23
483,Bangalore,Bangalore,Onion,Onion,FAQ,4500,5200,4800,18-Nov-23
484,Bangalore,Bangalore,Onion,Puna,FAQ,3500,4600,4000,18-Nov-23
485,Bangalore,Bangalore,Onion,Bangalore-Samall,FAQ,2500,3500,3000,17-Nov-23
486,Bangalore,Bangalore,Onion,Local,FAQ,3500,4200,3800,17-Nov-23
487,Bangalore,Bangalore,Onion,Onion,FAQ,4500,5200,4800,17-Nov-23
488,Bangalore,Bangalore,Onion,Puna,FAQ,3500,4600,4000,17-Nov-23
489,Bangalore,Bangalore,Onion,Bangalore-Samall,FAQ,2500,3500,3000,15-Nov-23
490,Bangalore,Bangalore,Onion,Local,FAQ,3500,4500,4000,15-Nov-23
491,Bangalore,Bangalore,Onion,Onion,FAQ,4500,5500,4800,15-Nov-23
492,Bangalore,Bangalore,Onion,Puna,FAQ,3000,5000,4400,15-Nov-23
493,Bangalore,Bangalore,Onion,Bangalore-Samall,FAQ,2000,3500,3000,09-Nov-23
494,Bangalore,Bangalore,Onion,Local,FAQ,3500,4500,4000,09-Nov-23
495,Bangalore,Bangalore,Onion,Onion,FAQ,4400,5000,4500,09-Nov-23
496,Bangalore,Bangalore,Onion,Puna,FAQ,3000,5000,4000,09-Nov-23
497,Bangalore,Bangalore,Onion,Bangalore-Samall,FAQ,2000,3500,3000,08-Nov-23
498,Bangalore,Bangalore,Onion,Local,FAQ,3500,4500,4000,08-Nov-23
499,Bangalore,Bangalore,Onion,Onion,FAQ,4400,5000,4500,08-Nov-23
500,Bangalore,Bangalore,Onion,Puna,FAQ,3000,5000,4000,08-Nov-23
501,Bangalore,Bangalore,Onion,Bangalore-Samall,FAQ,2000,3500,3000,07-Nov-23
502,Bangalore,Bangalore,Onion,Local,FAQ,3500,4500,4000,07-Nov-23
503,Bangalore,Bangalore,Onion,Onion,FAQ,4400,5000,4500,07-Nov-23
504,Bangalore,Bangalore,Onion,Puna,FAQ,3000,5000,4000,07-Nov-23
505,Bangalore,Bangalore,Onion,Bangalore-Samall,FAQ,2000,3500,3000,06-Nov-23
506,Bangalore,Bangalore,Onion,Local,FAQ,3500,4500,4000,06-Nov-23
507,Bangalore,Bangalore,Onion,Onion,FAQ,4400,5000,4500,06-Nov-23
508,Bangalore,Bangalore,Onion,Puna,FAQ,3000,5000,4000,06-Nov-23
509,Bangalore,Bangalore,Onion,Bangalore-Samall,FAQ,2000,3000,2500,04-Nov-23
510,Bangalore,Bangalore,Onion,Local,FAQ,3000,4000,3500,04-Nov-23
511,Bangalore,Bangalore,Onion,Onion,FAQ,4000,5000,4500,04-Nov-23
512,Bangalore,Bangalore,Onion,Puna,FAQ,3500,5000,4300,04-Nov-23
513,Bangalore,Bangalore,Onion,Bangalore-Samall,FAQ,2000,3000,2500,03-Nov-23
514,Bangalore,Bangalore,Onion,Local,FAQ,3000,4000,3500,03-Nov-23
515,Bangalore,Bangalore,Onion,Onion,FAQ,4000,5000,4500,03-Nov-23
516,Bangalore,Bangalore,Onion,Puna,FAQ,3500,5000,4300,03-Nov-23
517,Bangalore,Bangalore,Onion,Bangalore-Samall,FAQ,2000,4000,3000,02-Nov-23
518,Bangalore,Bangalore,Onion,Local,FAQ,4000,5000,4500,02-Nov-23
519,Bangalore,Bangalore,Onion,Onion,FAQ,5000,5500,5000,02-Nov-23
520,Bangalore,Bangalore,Onion,Puna,FAQ,4500,5500,5000,02-Nov-23
521,Bangalore,Bangalore,Onion,Bangalore-Samall,FAQ,3000,4000,3500,30-Oct-23
522,Bangalore,Bangalore,Onion,Local,FAQ,4000,4500,4300,30-Oct-23
523,Bangalore,Bangalore,Onion,Onion,FAQ,4500,5200,5000,30-Oct-23
524,Bangalore,Bangalore,Onion,Puna,FAQ,5000,5500,5200,30-Oct-23
525,Bangalore,Bangalore,Onion,Bangalore-Samall,FAQ,3000,4000,3500,27-Oct-23
526,Bangalore,Bangalore,Onion,Local,FAQ,4000,4500,4300,27-Oct-23
527,Bangalore,Bangalore,Onion,Onion,FAQ,4500,5200,5000,27-Oct-23
528,Bangalore,Bangalore,Onion,Puna,FAQ,5000,5500,5200,27-Oct-23
529,Bangalore,Bangalore,Onion,Bangalore-Samall,FAQ,3000,4000,3500,26-Oct-23
530,Bangalore,Bangalore,Onion,Local,FAQ,4000,4500,4300,26-Oct-23
531,Bangalore,Bangalore,Onion,Onion,FAQ,4500,5200,5000,26-Oct-23
532,Bangalore,Bangalore,Onion,Puna,FAQ,5000,5500,5200,26-Oct-23
533,Bangalore,Bangalore,Onion,Bangalore-Samall,FAQ,3000,4000,3500,25-Oct-23
534,Bangalore,Bangalore,Onion,Local,FAQ,4000,4500,4300,25-Oct-23
535,Bangalore,Bangalore,Onion,Onion,FAQ,4500,5200,5000,25-Oct-23
536,Bangalore,Bangalore,Onion,Puna,FAQ,4500,5400,5000,25-Oct-23
537,Bangalore,Bangalore,Onion,Bangalore-Samall,FAQ,2000,2800,2500,21-Oct-23
538,Bangalore,Bangalore,Onion,Local,FAQ,2800,3200,3000,21-Oct-23
539,Bangalore,Bangalore,Onion,Onion,FAQ,3200,4000,3500,21-Oct-23
540,Bangalore,Bangalore,Onion,Puna,FAQ,3000,4500,4000,21-Oct-23
541,Bangalore,Bangalore,Onion,Bangalore-Samall,FAQ,2000,2800,2500,20-Oct-23
542,Bangalore,Bangalore,Onion,Local,FAQ,2800,3200,3000,20-Oct-23
543,Bangalore,Bangalore,Onion,Onion,FAQ,3200,4000,3500,20-Oct-23
544,Bangalore,Bangalore,Onion,Puna,FAQ,3000,4500,4000,20-Oct-23
545,Bangalore,Bangalore,Onion,Bangalore-Samall,FAQ,2000,2800,2500,19-Oct-23
546,Bangalore,Bangalore,Onion,Local,FAQ,2800,3200,3000,19-Oct-23
547,Bangalore,Bangalore,Onion,Onion,FAQ,3200,4000,3500,19-Oct-23
548,Bangalore,Bangalore,Onion,Puna,FAQ,3000,4500,4000,19-Oct-23
549,Bangalore,Bangalore,Onion,Bangalore-Samall,FAQ,1000,1800,1600,18-Oct-23
550,Bangalore,Bangalore,Onion,Local,FAQ,1800,2400,2200,18-Oct-23
551,Bangalore,Bangalore,Onion,Onion,FAQ,2400,2800,2500,18-Oct-23
552,Bangalore,Bangalore,Onion,Puna,FAQ,1500,3000,2500,18-Oct-23
553,Bangalore,Bangalore,Onion,Bangalore-Samall,FAQ,1000,1800,1600,17-Oct-23
554,Bangalore,Bangalore,Onion,Local,FAQ,1800,2400,2200,17-Oct-23
555,Bangalore,Bangalore,Onion,Onion,FAQ,2400,2800,2500,17-Oct-23
556,Bangalore,Bangalore,Onion,Puna,FAQ,1500,3000,2500,17-Oct-23
557,Bangalore,Bangalore,Onion,Bangalore-Samall,FAQ,1000,1800,1600,16-Oct-23
558,Bangalore,Bangalore,Onion,Local,FAQ,1800,2400,2200,16-Oct-23
559,Bangalore,Bangalore,Onion,Onion,FAQ,2400,2800,2500,16-Oct-23
560,Bangalore,Bangalore,Onion,Puna,FAQ,1500,3000,2500,16-Oct-23
561,Bangalore,Bangalore,Onion,Bangalore-Samall,FAQ,1000,1800,1600,09-Oct-23
562,Bangalore,Bangalore,Onion,Local,FAQ,1800,2400,2200,09-Oct-23
563,Bangalore,Bangalore,Onion,Onion,FAQ,2400,2800,2500,09-Oct-23
564,Bangalore,Bangalore,Onion,Puna,FAQ,1500,3000,2500,09-Oct-23
565,Bangalore,Bangalore,Onion,Bangalore-Samall,FAQ,1500,2000,1800,07-Oct-23
566,Bangalore,Bangalore,Onion,Local,FAQ,2000,2400,2200,07-Oct-23
567,Bangalore,Bangalore,Onion,Onion,FAQ,2400,2700,2500,07-Oct-23
568,Bangalore,Bangalore,Onion,Puna,FAQ,2000,3000,2600,07-Oct-23
569,Bangalore,Bangalore,Onion,Bangalore-Samall,FAQ,1500,2000,1800,06-Oct-23
570,Bangalore,Bangalore,Onion,Local,FAQ,2000,2400,2200,06-Oct-23
571,Bangalore,Bangalore,Onion,Onion,FAQ,2400,2700,2500,06-Oct-23
572,Bangalore,Bangalore,Onion,Puna,FAQ,2000,3000,2600,06-Oct-23
573,Bangalore,Bangalore,Onion,Bangalore-Samall,FAQ,1500,2000,1800,05-Oct-23
574,Bangalore,Bangalore,Onion,Local,FAQ,2000,2400,2200,05-Oct-23
575,Bangalore,Bangalore,Onion,Onion,FAQ,2400,2700,2500,05-Oct-23
576,Bangalore,Bangalore,Onion,Puna,FAQ,2000,3000,2600,05-Oct-23
577,Bangalore,Bangalore,Onion,Bangalore-Samall,FAQ,1500,2000,1800,04-Oct-23
578,Bangalore,Bangalore,Onion,Local,FAQ,2000,2400,2200,04-Oct-23
579,Bangalore,Bangalore,Onion,Onion,FAQ,2400,2700,2500,04-Oct-23
580,Bangalore,Bangalore,Onion,Puna,FAQ,2000,3000,2600,04-Oct-23
581,Bangalore,Bangalore,Onion,Bangalore-Samall,FAQ,1500,2000,1800,03-Oct-23
582,Bangalore,Bangalore,Onion,Local,FAQ,2000,2400,2200,03-Oct-23
583,Bangalore,Bangalore,Onion,Onion,FAQ,2400,2700,2500,03-Oct-23
584,Bangalore,Bangalore,Onion,Puna,FAQ,2000,3000,2600,03-Oct-23
585,Bangalore,Bangalore,Onion,Bangalore-Samall,FAQ,1000,1500,1300,21-Sep-23
586,Bangalore,Bangalore,Onion,Local,FAQ,1600,2000,1800,21-Sep-23
587,Bangalore,Bangalore,Onion,Onion,FAQ,2000,2500,2300,21-Sep-23
588,Bangalore,Bangalore,Onion,Puna,FAQ,2000,2800,2500,21-Sep-23
589,Bangalore,Bangalore,Onion,Bangalore-Samall,FAQ,1000,1500,1300,19-Sep-23
590,Bangalore,Bangalore,Onion,Local,FAQ,1600,2000,1800,19-Sep-23
591,Bangalore,Bangalore,Onion,Onion,FAQ,2000,2500,2300,19-Sep-23
592,Bangalore,Bangalore,Onion,Puna,FAQ,2000,2800,2500,19-Sep-23
593,Bangalore,Bangalore,Onion,Bangalore-Samall,FAQ,1000,1500,1300,16-Sep-23
594,Bangalore,Bangalore,Onion,Local,FAQ,1500,2000,1800,16-Sep-23
595,Bangalore,Bangalore,Onion,Onion,FAQ,2000,2700,2500,16-Sep-23
596,Bangalore,Bangalore,Onion,Puna,FAQ,2000,2900,2700,16-Sep-23
597,Bangalore,Bangalore,Onion,Bangalore-Samall,FAQ,1000,1500,1300,15-Sep-23
598,Bangalore,Bangalore,Onion,Local,FAQ,1500,2000,1800,15-Sep-23
599,Bangalore,Bangalore,Onion,Onion,FAQ,2000,2700,2500,15-Sep-23
600,Bangalore,Bangalore,Onion,Puna,FAQ,2000,2900,2700,15-Sep-23
601,Bangalore,Bangalore,Onion,Bangalore-Samall,FAQ,1000,1500,1300,13-Sep-23
602,Bangalore,Bangalore,Onion,Local,FAQ,1500,2000,1800,13-Sep-23
603,Bangalore,Bangalore,Onion,Onion,FAQ,2000,2700,2500,13-Sep-23
604,Bangalore,Bangalore,Onion,Puna,FAQ,2000,2900,2700,13-Sep-23
605,Bangalore,Bangalore,Onion,Bangalore-Samall,FAQ,1000,1500,1300,12-Sep-23
606,Bangalore,Bangalore,Onion,Local,FAQ,1500,2000,1800,12-Sep-23
607,Bangalore,Bangalore,Onion,Onion,FAQ,2000,2700,2500,12-Sep-23
608,Bangalore,Bangalore,Onion,Puna,FAQ,2000,2900,2700,12-Sep-23
609,Bangalore,Bangalore,Onion,Bangalore-Samall,FAQ,1000,1500,1300,11-Sep-23
610,Bangalore,Bangalore,Onion,Local,FAQ,1500,2000,1800,11-Sep-23
611,Bangalore,Bangalore,Onion,Onion,FAQ,2000,2700,2500,11-Sep-23
612,Bangalore,Bangalore,Onion,Puna,FAQ,2000,2900,2700,11-Sep-23
613,Bangalore,Bangalore,Onion,Bangalore-Samall,FAQ,1000,1500,1300,08-Sep-23
614,Bangalore,Bangalore,Onion,Local,FAQ,1500,2000,1800,08-Sep-23
615,Bangalore,Bangalore,Onion,Onion,FAQ,2000,2700,2500,08-Sep-23
616,Bangalore,Bangalore,Onion,Puna,FAQ,2000,2900,2700,08-Sep-23
617,Bangalore,Bangalore,Onion,Bangalore-Samall,FAQ,1000,1500,1300,06-Sep-23
618,Bangalore,Bangalore,Onion,Local,FAQ,1500,2000,1800,06-Sep-23
619,Bangalore,Bangalore,Onion,Onion,FAQ,2000,2700,2500,06-Sep-23
620,Bangalore,Bangalore,Onion,Puna,FAQ,2000,2900,2700,06-Sep-23
621,Bangalore,Bangalore,Onion,Bangalore-Samall,FAQ,1000,1500,1300,05-Sep-23
622,Bangalore,Bangalore,Onion,Local,FAQ,1500,2000,1800,05-Sep-23
623,Bangalore,Bangalore,Onion,Onion,FAQ,2000,2700,2500,05-Sep-23
624,Bangalore,Bangalore,Onion,Puna,FAQ,2000,2900,2700,05-Sep-23
625,Bangalore,Bangalore,Onion,Bangalore-Samall,FAQ,1000,1500,1300,04-Sep-23
626,Bangalore,Bangalore,Onion,Local,FAQ,1500,2000,1800,04-Sep-23
627,Bangalore,Bangalore,Onion,Onion,FAQ,2000,2700,2500,04-Sep-23
628,Bangalore,Bangalore,Onion,Puna,FAQ,2000,2900,2700,04-Sep-23
629,Bangalore,Bangalore,Onion,Bangalore-Samall,FAQ,1000,1500,1300,02-Sep-23
630,Bangalore,Bangalore,Onion,Local,FAQ,1500,2000,1800,02-Sep-23
631,Bangalore,Bangalore,Onion,Onion,FAQ,2000,2500,2300,02-Sep-23
632,Bangalore,Bangalore,Onion,Puna,FAQ,2000,2700,2400,02-Sep-23
633,Bangalore,Bangalore,Onion,Bangalore-Samall,FAQ,1000,1500,1300,01-Sep-23
634,Bangalore,Bangalore,Onion,Local,FAQ,1500,2000,1800,01-Sep-23
635,Bangalore,Bangalore,Onion,Onion,FAQ,2000,2500,2300,01-Sep-23
636,Bangalore,Bangalore,Onion,Puna,FAQ,2000,2700,2400,01-Sep-23
637,Bangalore,Bangalore,Onion,Bangalore-Samall,FAQ,1000,1500,1300,31-Aug-23
638,Bangalore,Bangalore,Onion,Local,FAQ,1500,2000,1800,31-Aug-23
639,Bangalore,Bangalore,Onion,Onion,FAQ,2000,2500,2300,31-Aug-23
640,Bangalore,Bangalore,Onion,Puna,FAQ,2000,2700,2400,31-Aug-23
641,Bangalore,Bangalore,Onion,Bangalore-Samall,FAQ,1000,1500,1300,30-Aug-23
642,Bangalore,Bangalore,Onion,Local,FAQ,1500,2000,1800,30-Aug-23
643,Bangalore,Bangalore,Onion,Onion,FAQ,2000,2500,2300,30-Aug-23
644,Bangalore,Bangalore,Onion,Puna,FAQ,2000,2700,2400,30-Aug-23
645,Bangalore,Bangalore,Onion,Bangalore-Samall,FAQ,1000,1600,1500,29-Aug-23
646,Bangalore,Bangalore,Onion,Local,FAQ,1600,2000,1800,29-Aug-23
647,Bangalore,Bangalore,Onion,Onion,FAQ,2000,2600,2400,29-Aug-23
648,Bangalore,Bangalore,Onion,Puna,FAQ,2000,2600,2400,29-Aug-23
649,Bangalore,Bangalore,Onion,Bangalore-Samall,FAQ,1000,1600,1500,28-Aug-23
650,Bangalore,Bangalore,Onion,Local,FAQ,1600,2000,1800,28-Aug-23
651,Bangalore,Bangalore,Onion,Onion,FAQ,2000,2600,2400,28-Aug-23
652,Bangalore,Bangalore,Onion,Puna,FAQ,2000,2600,2400,28-Aug-23
653,Bangalore,Bangalore,Onion,Bangalore-Samall,FAQ,1000,1600,1500,25-Aug-23
654,Bangalore,Bangalore,Onion,Local,FAQ,1600,2000,1800,25-Aug-23
655,Bangalore,Bangalore,Onion,Onion,FAQ,2000,2600,2400,25-Aug-23
656,Bangalore,Bangalore,Onion,Puna,FAQ,2000,2800,2500,25-Aug-23
657,Bangalore,Bangalore,Onion,Bangalore-Samall,FAQ,1000,1600,1500,23-Aug-23
658,Bangalore,Bangalore,Onion,Local,FAQ,1600,2000,1800,23-Aug-23
659,Bangalore,Bangalore,Onion,Onion,FAQ,2000,2600,2400,23-Aug-23
660,Bangalore,Bangalore,Onion,Puna,FAQ,2000,2800,2500,23-Aug-23
661,Bangalore,Bangalore,Onion,Bangalore-Samall,FAQ,1000,1600,1500,22-Aug-23
662,Bangalore,Bangalore,Onion,Local,FAQ,1600,2000,1800,22-Aug-23
663,Bangalore,Bangalore,Onion,Onion,FAQ,2000,2600,2400,22-Aug-23
664,Bangalore,Bangalore,Onion,Puna,FAQ,2000,2800,2500,22-Aug-23
665,Bangalore,Bangalore,Onion,Bangalore-Samall,FAQ,1000,1600,1500,21-Aug-23
666,Bangalore,Bangalore,Onion,Local,FAQ,1600,2000,1800,21-Aug-23
667,Bangalore,Bangalore,Onion,Onion,FAQ,2000,2600,2400,21-Aug-23
668,Bangalore,Bangalore,Onion,Puna,FAQ,2000,2800,2500,21-Aug-23
669,Bangalore,Bangalore,Onion,Bangalore-Samall,FAQ,1000,1600,1500,19-Aug-23
670,Bangalore,Bangalore,Onion,Local,FAQ,1600,2000,1800,19-Aug-23
671,Bangalore,Bangalore,Onion,Onion,FAQ,2000,2600,2400,19-Aug-23
672,Bangalore,Bangalore,Onion,Puna,FAQ,2000,3000,2500,19-Aug-23
673,Bangalore,Bangalore,Onion,Bangalore-Samall,FAQ,1000,1600,1500,18-Aug-23
674,Bangalore,Bangalore,Onion,Local,FAQ,1600,2000,1800,18-Aug-23
675,Bangalore,Bangalore,Onion,Onion,FAQ,2000,2600,2400,18-Aug-23
676,Bangalore,Bangalore,Onion,Puna,FAQ,2000,3000,2500,18-Aug-23
677,Bangalore,Bangalore,Onion,Bangalore-Samall,FAQ,1000,1600,1500,17-Aug-23
678,Bangalore,Bangalore,Onion,Local,FAQ,1600,2000,1800,17-Aug-23
679,Bangalore,Bangalore,Onion,Onion,FAQ,2000,2600,2400,17-Aug-23
680,Bangalore,Bangalore,Onion,Puna,FAQ,2000,3000,2500,17-Aug-23
681,Bangalore,Bangalore,Onion,Bangalore-Samall,FAQ,1000,1500,1300,11-Aug-23
682,Bangalore,Bangalore,Onion,Local,FAQ,1500,1800,1700,11-Aug-23
683,Bangalore,Bangalore,Onion,Onion,FAQ,1800,2200,2000,11-Aug-23
684,Bangalore,Bangalore,Onion,Puna,FAQ,1800,2500,2200,11-Aug-23
685,Bangalore,Bangalore,Onion,Bangalore-Samall,FAQ,1000,1500,1300,10-Aug-23
686,Bangalore,Bangalore,Onion,Local,FAQ,1500,1700,1600,10-Aug-23
687,Bangalore,Bangalore,Onion,Onion,FAQ,1800,2000,1800,10-Aug-23
688,Bangalore,Bangalore,Onion,Puna,FAQ,1500,2400,2000,10-Aug-23
689,Bangalore,Bangalore,Onion,Bangalore-Samall,FAQ,1000,1500,1300,09-Aug-23
690,Bangalore,Bangalore,Onion,Local,FAQ,1500,1700,1600,09-Aug-23
691,Bangalore,Bangalore,Onion,Onion,FAQ,1800,2000,1800,09-Aug-23
692,Bangalore,Bangalore,Onion,Puna,FAQ,1500,2400,2000,09-Aug-23
693,Bangalore,Bangalore,Onion,Bangalore-Samall,FAQ,1000,1500,1300,08-Aug-23
694,Bangalore,Bangalore,Onion,Local,FAQ,1500,1800,1700,08-Aug-23
695,Bangalore,Bangalore,Onion,Onion,FAQ,1800,2100,1900,08-Aug-23
696,Bangalore,Bangalore,Onion,Puna,FAQ,1500,2200,1800,08-Aug-23
697,Bangalore,Bangalore,Onion,Bangalore-Samall,FAQ,1000,1500,1300,07-Aug-23
698,Bangalore,Bangalore,Onion,Local,FAQ,1500,1800,1700,07-Aug-23
699,Bangalore,Bangalore,Onion,Onion,FAQ,1800,2100,1900,07-Aug-23
700,Bangalore,Bangalore,Onion,Puna,FAQ,1500,2200,1800,07-Aug-23
701,Bangalore,Bangalore,Onion,Bangalore-Samall,FAQ,800,1200,1000,05-Aug-23
702,Bangalore,Bangalore,Onion,Local,FAQ,1000,1400,1200,05-Aug-23
703,Bangalore,Bangalore,Onion,Onion,FAQ,1400,1800,1600,05-Aug-23
704,Bangalore,Bangalore,Onion,Puna,FAQ,1000,2000,1600,05-Aug-23
705,Bangalore,Bangalore,Onion,Bangalore-Samall,FAQ,800,1200,1000,04-Aug-23
706,Bangalore,Bangalore,Onion,Local,FAQ,1200,1400,1200,04-Aug-23
707,Bangalore,Bangalore,Onion,Onion,FAQ,1400,1800,1600,04-Aug-23
708,Bangalore,Bangalore,Onion,Puna,FAQ,1000,2000,1600,04-Aug-23
709,Bangalore,Bangalore,Onion,Bangalore-Samall,FAQ,800,1200,1000,03-Aug-23
710,Bangalore,Bangalore,Onion,Local,FAQ,1000,1400,1200,03-Aug-23
711,Bangalore,Bangalore,Onion,Onion,FAQ,1400,1800,1600,03-Aug-23
712,Bangalore,Bangalore,Onion,Puna,FAQ,1000,2000,1600,03-Aug-23
713,Bangalore,Bangalore,Onion,Bangalore-Samall,FAQ,800,1000,900,02-Aug-23
714,Bangalore,Bangalore,Onion,Local,FAQ,1000,1200,1100,02-Aug-23
715,Bangalore,Bangalore,Onion,Onion,FAQ,1400,1600,1500,02-Aug-23
716,Bangalore,Bangalore,Onion,Puna,FAQ,1000,1800,1500,02-Aug-23
717,Bangalore,Bangalore,Onion,Bangalore-Samall,FAQ,800,1000,900,01-Aug-23
718,Bangalore,Bangalore,Onion,Local,FAQ,1000,1200,1100,01-Aug-23
719,Bangalore,Bangalore,Onion,Onion,FAQ,1400,1600,1500,01-Aug-23
720,Bangalore,Bangalore,Onion,Puna,FAQ,1000,1800,1500,01-Aug-23
721,Bangalore,Bangalore,Onion,Bangalore-Samall,FAQ,800,1000,900,31-Jul-23
722,Bangalore,Bangalore,Onion,Local,FAQ,1000,1200,1100,31-Jul-23
723,Bangalore,Bangalore,Onion,Onion,FAQ,1400,1600,1500,31-Jul-23
724,Bangalore,Bangalore,Onion,Puna,FAQ,1000,1800,1500,31-Jul-23
725,Bangalore,Bangalore,Onion,Bangalore-Samall,FAQ,800,1000,900,28-Jul-23
726,Bangalore,Bangalore,Onion,Local,FAQ,1000,1200,1100,28-Jul-23
727,Bangalore,Bangalore,Onion,Onion,FAQ,1400,1600,1500,28-Jul-23
728,Bangalore,Bangalore,Onion,Puna,FAQ,1000,1800,1500,28-Jul-23
729,Bangalore,Bangalore,Onion,Bangalore-Samall,FAQ,800,1000,900,27-Jul-23
730,Bangalore,Bangalore,Onion,Local,FAQ,1000,1200,1100,27-Jul-23
731,Bangalore,Bangalore,Onion,Onion,FAQ,1400,1600,1500,27-Jul-23
732,Bangalore,Bangalore,Onion,Puna,FAQ,1000,1800,1500,27-Jul-23
733,Bangalore,Bangalore,Onion,Bangalore-Samall,FAQ,800,1000,900,26-Jul-23
734,Bangalore,Bangalore,Onion,Local,FAQ,1000,1200,1100,26-Jul-23
735,Bangalore,Bangalore,Onion,Onion,FAQ,1400,1600,1500,26-Jul-23
736,Bangalore,Bangalore,Onion,Puna,FAQ,1000,1800,1500,26-Jul-23
737,Bangalore,Bangalore,Onion,Bangalore-Samall,FAQ,800,1200,1000,25-Jul-23
738,Bangalore,Bangalore,Onion,Local,FAQ,1400,1600,1500,25-Jul-23
739,Bangalore,Bangalore,Onion,Onion,FAQ,1600,1800,1700,25-Jul-23
740,Bangalore,Bangalore,Onion,Puna,FAQ,1500,2000,1750,25-Jul-23
741,Bangalore,Bangalore,Onion,Bangalore-Samall,FAQ,800,1200,1000,24-Jul-23
742,Bangalore,Bangalore,Onion,Local,FAQ,1400,1600,1500,24-Jul-23
743,Bangalore,Bangalore,Onion,Onion,FAQ,1600,1800,1700,24-Jul-23
744,Bangalore,Bangalore,Onion,Puna,FAQ,1500,2000,1750,24-Jul-23
745,Bangalore,Bangalore,Onion,Bangalore-Samall,FAQ,800,1200,1000,21-Jul-23
746,Bangalore,Bangalore,Onion,Local,FAQ,1400,1600,1500,21-Jul-23
747,Bangalore,Bangalore,Onion,Onion,FAQ,1600,1800,1700,21-Jul-23
748,Bangalore,Bangalore,Onion,Puna,FAQ,1500,2000,1750,21-Jul-23
749,Bangalore,Bangalore,Onion,Bangalore-Samall,FAQ,800,1200,1000,20-Jul-23
750,Bangalore,Bangalore,Onion,Local,FAQ,1400,1600,1500,20-Jul-23
751,Bangalore,Bangalore,Onion,Onion,FAQ,1600,1800,1700,20-Jul-23
752,Bangalore,Bangalore,Onion,Puna,FAQ,1500,2000,1750,20-Jul-23
753,Bangalore,Bangalore,Onion,Bangalore-Samall,FAQ,800,1200,1000,18-Jul-23
754,Bangalore,Bangalore,Onion,Local,FAQ,1400,1600,1500,18-Jul-23
755,Bangalore,Bangalore,Onion,Onion,FAQ,1600,1800,1700,18-Jul-23
756,Bangalore,Bangalore,Onion,Puna,FAQ,1500,2200,1800,18-Jul-23
757,Bangalore,Bangalore,Onion,Bangalore-Samall,FAQ,800,1000,900,17-Jul-23
758,Bangalore,Bangalore,Onion,Local,FAQ,1000,1200,1100,17-Jul-23
759,Bangalore,Bangalore,Onion,Onion,FAQ,1200,1400,1300,17-Jul-23
760,Bangalore,Bangalore,Onion,Puna,FAQ,1000,1800,1500,17-Jul-23
761,Bangalore,Bangalore,Onion,Bangalore-Samall,FAQ,800,1000,900,14-Jul-23
762,Bangalore,Bangalore,Onion,Local,FAQ,1000,1200,1100,14-Jul-23
763,Bangalore,Bangalore,Onion,Onion,FAQ,1200,1400,1300,14-Jul-23
764,Bangalore,Bangalore,Onion,Puna,FAQ,1000,1800,1500,14-Jul-23
765,Bangalore,Bangalore,Onion,Bangalore-Samall,FAQ,800,1000,900,13-Jul-23
766,Bangalore,Bangalore,Onion,Local,FAQ,1000,1200,1100,13-Jul-23
767,Bangalore,Bangalore,Onion,Onion,FAQ,1200,1400,1300,13-Jul-23
768,Bangalore,Bangalore,Onion,Puna,FAQ,1000,1800,1500,13-Jul-23
769,Bangalore,Bangalore,Onion,Bangalore-Samall,FAQ,800,1200,1000,12-Jul-23
770,Bangalore,Bangalore,Onion,Local,FAQ,1200,1500,1300,12-Jul-23
771,Bangalore,Bangalore,Onion,Onion,FAQ,1500,1800,1600,12-Jul-23
772,Bangalore,Bangalore,Onion,Puna,FAQ,1000,2000,1600,12-Jul-23
773,Bangalore,Bangalore,Onion,Bangalore-Samall,FAQ,800,1200,900,07-Jul-23
774,Bangalore,Bangalore,Onion,Local,FAQ,1300,1500,1400,07-Jul-23
775,Bangalore,Bangalore,Onion,Onion,FAQ,1700,2000,1800,07-Jul-23
776,Bangalore,Bangalore,Onion,Puna,FAQ,1500,2100,1700,07-Jul-23
777,Bangalore,Bangalore,Onion,Bangalore-Samall,FAQ,800,1200,900,06-Jul-23
778,Bangalore,Bangalore,Onion,Local,FAQ,1300,1500,1400,06-Jul-23
779,Bangalore,Bangalore,Onion,Onion,FAQ,1700,2000,1800,06-Jul-23
780,Bangalore,Bangalore,Onion,Puna,FAQ,1500,2100,1700,06-Jul-23
781,Bangalore,Bangalore,Onion,Bangalore-Samall,FAQ,800,1200,900,05-Jul-23
782,Bangalore,Bangalore,Onion,Local,FAQ,1300,1500,1400,05-Jul-23
783,Bangalore,Bangalore,Onion,Onion,FAQ,1700,2000,1800,05-Jul-23
784,Bangalore,Bangalore,Onion,Puna,FAQ,1500,2100,1700,05-Jul-23
785,Bangalore,Bangalore,Onion,Bangalore-Samall,FAQ,800,1200,900,04-Jul-23
786,Bangalore,Bangalore,Onion,Local,FAQ,1300,1500,1400,04-Jul-23
787,Bangalore,Bangalore,Onion,Onion,FAQ,1700,2000,1800,04-Jul-23
788,Bangalore,Bangalore,Onion,Puna,FAQ,1500,2100,1700,04-Jul-23
789,Bangalore,Bangalore,Onion,Bangalore-Samall,FAQ,800,1200,900,03-Jul-23
790,Bangalore,Bangalore,Onion,Local,FAQ,1300,1500,1400,03-Jul-23
791,Bangalore,Bangalore,Onion,Onion,FAQ,1700,2000,1800,03-Jul-23
792,Bangalore,Bangalore,Onion,Puna,FAQ,1500,2100,1700,03-Jul-23
793,Bangalore,Bangalore,Onion,Bangalore-Samall,FAQ,400,800,700,01-Jul-23
794,Bangalore,Bangalore,Onion,Local,FAQ,800,1200,1100,01-Jul-23
795,Bangalore,Bangalore,Onion,Onion,FAQ,1200,1500,1300,01-Jul-23
796,Bangalore,Bangalore,Onion,Puna,FAQ,1000,1800,1400,01-Jul-23
797,Bangalore,Doddaballa Pur,Onion,Onion,FAQ,1500,2500,2000,10-Jun-24
798,Bangalore,Doddaballa Pur,Onion,Onion,FAQ,1500,2500,2000,06-Jun-24
799,Bangalore,Doddaballa Pur,Onion,Onion,FAQ,1800,2500,2000,05-Jun-24
800,Bangalore,Doddaballa Pur,Onion,Onion,FAQ,1500,2500,2000,01-Jun-24
801,Bangalore,Doddaballa Pur,Onion,Onion,FAQ,1800,2500,2000,31-May-24
802,Bangalore,Doddaballa Pur,Onion,Onion,FAQ,1500,2500,2000,24-May-24
803,Bangalore,Doddaballa Pur,Onion,Onion,FAQ,1500,2100,1800,23-May-24
804,Bangalore,Doddaballa Pur,Onion,Onion,FAQ,1500,2500,2000,22-May-24
805,Bangalore,Doddaballa Pur,Onion,Onion,FAQ,1500,2500,2000,21-May-24
806,Bangalore,Doddaballa Pur,Onion,Onion,FAQ,1500,2500,2000,20-May-24
807,Bangalore,Doddaballa Pur,Onion,Onion,FAQ,1400,2500,2000,23-Apr-24
808,Bangalore,Doddaballa Pur,Onion,Onion,FAQ,1400,2500,1900,22-Apr-24
809,Bangalore,Doddaballa Pur,Onion,Onion,FAQ,1400,2500,2000,20-Apr-24
810,Bangalore,Doddaballa Pur,Onion,Onion,FAQ,1400,2500,2000,19-Apr-24
811,Bangalore,Doddaballa Pur,Onion,Onion,FAQ,1000,2500,1800,18-Apr-24
812,Bangalore,Doddaballa Pur,Onion,Onion,FAQ,1000,2500,1800,04-Apr-24
813,Bangalore,Doddaballa Pur,Onion,Onion,FAQ,1000,2500,1700,03-Apr-24
814,Bangalore,Doddaballa Pur,Onion,Onion,FAQ,1000,2500,1750,30-Mar-24
815,Bangalore,Doddaballa Pur,Onion,Onion,FAQ,1000,2500,1800,22-Mar-24
816,Bangalore,Doddaballa Pur,Onion,Onion,FAQ,1000,2500,1700,21-Mar-24
817,Bangalore,Doddaballa Pur,Onion,Onion,FAQ,1000,2500,1800,05-Mar-24
818,Bangalore,Doddaballa Pur,Onion,Onion,FAQ,1000,2500,2000,04-Mar-24
819,Bangalore,Doddaballa Pur,Onion,Onion,FAQ,1400,2000,1700,26-Feb-24
820,Bangalore,Doddaballa Pur,Onion,Onion,FAQ,1200,2000,1500,09-Feb-24
821,Bangalore,Doddaballa Pur,Onion,Onion,FAQ,1000,2000,1600,07-Feb-24
822,Bangalore,Doddaballa Pur,Onion,Onion,FAQ,1000,2000,1500,06-Feb-24
823,Bangalore,Doddaballa Pur,Onion,Onion,FAQ,2000,2500,2200,22-Jan-24
824,Bangalore,Doddaballa Pur,Onion,Onion,FAQ,2000,3000,2500,18-Jan-24
825,Bangalore,Doddaballa Pur,Onion,Onion,FAQ,2000,3000,2500,11-Jan-24
826,Bangalore,Doddaballa Pur,Onion,Onion,FAQ,2000,3000,2500,10-Jan-24
827,Bangalore,Doddaballa Pur,Onion,Onion,FAQ,2000,3000,2500,09-Jan-24
828,Bangalore,Doddaballa Pur,Onion,Onion,FAQ,2000,3000,2600,30-Dec-23
829,Bangalore,Doddaballa Pur,Onion,Onion,FAQ,2000,3000,2500,29-Dec-23
830,Bangalore,Doddaballa Pur,Onion,Onion,FAQ,2000,3000,2500,26-Dec-23
831,Bangalore,Doddaballa Pur,Onion,Onion,FAQ,2000,3000,2500,19-Dec-23
832,Bangalore,Doddaballa Pur,Onion,Onion,FAQ,2000,3000,2500,18-Dec-23
833,Bangalore,Doddaballa Pur,Onion,Onion,FAQ,2000,3000,2500,16-Dec-23
834,Bangalore,Doddaballa Pur,Onion,Onion,FAQ,2500,3500,3000,15-Dec-23
835,Bangalore,Doddaballa Pur,Onion,Onion,FAQ,4000,6000,5000,28-Nov-23
836,Bangalore,Doddaballa Pur,Onion,Onion,FAQ,5000,7000,6000,27-Nov-23
837,Bangalore,Doddaballa Pur,Onion,Onion,FAQ,5000,7000,6000,18-Nov-23
838,Bangalore,Doddaballa Pur,Onion,Onion,FAQ,5000,7000,6000,17-Nov-23
839,Bangalore,Doddaballa Pur,Onion,Onion,FAQ,5000,7000,6000,09-Nov-23
840,Bangalore,Doddaballa Pur,Onion,Onion,FAQ,5000,7000,6000,07-Nov-23
841,Bangalore,Doddaballa Pur,Onion,Onion,FAQ,4000,5000,4500,06-Nov-23
842,Bangalore,Doddaballa Pur,Onion,Onion,FAQ,5000,6000,5500,04-Nov-23
843,Bangalore,Doddaballa Pur,Onion,Onion,FAQ,5000,7000,6000,03-Nov-23
844,Bangalore,Doddaballa Pur,Onion,Onion,FAQ,5000,7000,6000,02-Nov-23
845,Bangalore,Doddaballa Pur,Onion,Onion,FAQ,2000,3500,3000,26-Oct-23
846,Bangalore,Doddaballa Pur,Onion,Onion,FAQ,2000,3500,2500,17-Oct-23
847,Bangalore,Doddaballa Pur,Onion,Onion,FAQ,2000,3500,2500,16-Oct-23
848,Bangalore,Doddaballa Pur,Onion,Onion,FAQ,2000,3000,2500,13-Oct-23
849,Bangalore,Doddaballa Pur,Onion,Onion,FAQ,2000,3000,2500,12-Oct-23
850,Bangalore,Doddaballa Pur,Onion,Onion,FAQ,2000,3000,2500,11-Oct-23
851,Bangalore,Doddaballa Pur,Onion,Onion,FAQ,2000,3000,2500,10-Oct-23
852,Bangalore,Doddaballa Pur,Onion,Onion,FAQ,1800,2600,2200,04-Oct-23
853,Bangalore,Doddaballa Pur,Onion,Onion,FAQ,1800,2600,2200,03-Oct-23
854,Bangalore,Doddaballa Pur,Onion,Onion,FAQ,1500,2500,2000,26-Sep-23
855,Bangalore,Doddaballa Pur,Onion,Onion,FAQ,1500,2500,2000,25-Sep-23
856,Bangalore,Doddaballa Pur,Onion,Onion,FAQ,1500,2500,2000,22-Sep-23
857,Bangalore,Doddaballa Pur,Onion,Onion,FAQ,1500,2500,2000,20-Sep-23
858,Bangalore,Doddaballa Pur,Onion,Onion,FAQ,1500,2500,2000,15-Sep-23
859,Bangalore,Doddaballa Pur,Onion,Onion,FAQ,1500,2500,2000,14-Sep-23
860,Bangalore,Doddaballa Pur,Onion,Onion,FAQ,1500,2500,2000,08-Sep-23
861,Bangalore,Doddaballa Pur,Onion,Onion,FAQ,1500,2500,2000,07-Sep-23
862,Bangalore,Doddaballa Pur,Onion,Onion,FAQ,1500,2500,2000,22-Aug-23
863,Bangalore,Doddaballa Pur,Onion,Onion,FAQ,1500,2500,2000,21-Aug-23
864,Bangalore,Doddaballa Pur,Onion,Onion,FAQ,1500,2500,2000,19-Aug-23
865,Bangalore,Doddaballa Pur,Onion,Onion,FAQ,1500,2500,2000,18-Aug-23
866,Bangalore,Doddaballa Pur,Onion,Onion,FAQ,1500,2500,2000,01-Aug-23
867,Bangalore,Doddaballa Pur,Onion,Onion,FAQ,1500,2500,2000,31-Jul-23
868,Bangalore,Doddaballa Pur,Onion,Onion,FAQ,1500,2500,2000,28-Jul-23
869,Bangalore,Doddaballa Pur,Onion,Onion,FAQ,1500,2500,2000,27-Jul-23
870,Bangalore,Doddaballa Pur,Onion,Onion,FAQ,1500,2500,2000,25-Jul-23
871,Bangalore,Doddaballa Pur,Onion,Onion,FAQ,1500,2500,2000,24-Jul-23
872,Bangalore,Doddaballa Pur,Onion,Onion,FAQ,1500,2500,2000,21-Jul-23
873,Bangalore,Doddaballa Pur,Onion,Onion,FAQ,1500,2500,2000,20-Jul-23
874,Bangalore,Doddaballa Pur,Onion,Onion,FAQ,1500,2500,2000,19-Jul-23
875,Bangalore,Doddaballa Pur,Onion,Onion,FAQ,1500,2500,2000,18-Jul-23
876,Bangalore,Doddaballa Pur,Onion,Onion,FAQ,1500,2500,2000,11-Jul-23
877,Bangalore,Doddaballa Pur,Onion,Onion,FAQ,1500,2500,2000,10-Jul-23
878,Bangalore,Doddaballa Pur,Onion,Onion,FAQ,1500,2500,2100,07-Jul-23
879,Bangalore,Doddaballa Pur,Onion,Onion,FAQ,1500,2000,1800,06-Jul-23
880,Bangalore,Doddaballa Pur,Onion,Onion,FAQ,1500,2500,2000,05-Jul-23
881,Bangalore,Doddaballa Pur,Onion,Onion,FAQ,1500,2500,2000,04-Jul-23
882,Bangalore,Doddaballa Pur,Onion,Onion,FAQ,1500,2500,2000,03-Jul-23
883,Bangalore,Doddaballa Pur,Onion,Onion,FAQ,1500,2500,2000,01-Jul-23
884,Bangalore,Ramanagara,Onion,Onion,FAQ,2400,3200,3000,05-Jun-24
885,Bangalore,Ramanagara,Onion,Onion,FAQ,2400,3200,3000,02-Jun-24
886,Bangalore,Ramanagara,Onion,Onion,FAQ,2000,2600,2400,24-May-24
887,Bangalore,Ramanagara,Onion,Onion,FAQ,1800,2500,2300,22-May-24
888,Bangalore,Ramanagara,Onion,Onion,FAQ,1800,2400,2200,18-May-24
889,Bangalore,Ramanagara,Onion,Onion,FAQ,2000,2500,2300,13-May-24
890,Bangalore,Ramanagara,Onion,Onion,FAQ,1600,2400,2000,08-May-24
891,Bangalore,Ramanagara,Onion,Onion,FAQ,1600,2400,2000,01-May-24
892,Bangalore,Ramanagara,Onion,Onion,FAQ,1600,2400,2000,20-Apr-24
893,Bangalore,Ramanagara,Onion,Onion,FAQ,1600,2400,2000,17-Apr-24
894,Bangalore,Ramanagara,Onion,Onion,FAQ,2000,3000,2500,12-Apr-24
895,Bangalore,Ramanagara,Onion,Onion,FAQ,2000,2800,2500,06-Apr-24
896,Bangalore,Ramanagara,Onion,Onion,FAQ,2400,3000,2800,03-Apr-24
897,Bangalore,Ramanagara,Onion,Onion,FAQ,2000,2800,2500,20-Mar-24
898,Bangalore,Ramanagara,Onion,Onion,FAQ,2000,2700,2500,11-Mar-24
899,Bangalore,Ramanagara,Onion,Onion,FAQ,2000,2800,2500,28-Feb-24
900,Bangalore,Ramanagara,Onion,Onion,FAQ,1800,2400,2200,21-Feb-24
901,Bangalore,Ramanagara,Onion,Onion,FAQ,1600,2200,2000,14-Feb-24
902,Bangalore,Ramanagara,Onion,Onion,FAQ,1600,2000,1800,07-Feb-24
903,Bangalore,Ramanagara,Onion,Onion,FAQ,1600,2000,1800,03-Feb-24
904,Bangalore,Ramanagara,Onion,Onion,FAQ,2000,2800,2600,17-Jan-24
905,Bangalore,Ramanagara,Onion,Onion,FAQ,2400,3000,2800,06-Jan-24
906,Bangalore,Ramanagara,Onion,Onion,FAQ,2800,3500,3200,20-Dec-23
907,Bangalore,Ramanagara,Onion,Onion,FAQ,2800,3500,3000,16-Dec-23
908,Bangalore,Ramanagara,Onion,Onion,FAQ,4000,5000,4500,13-Dec-23
909,Bangalore,Ramanagara,Onion,Onion,FAQ,4000,6000,5200,06-Dec-23
910,Bangalore,Ramanagara,Onion,Onion,FAQ,4400,5600,5000,02-Dec-23
911,Bangalore,Ramanagara,Onion,Onion,FAQ,4000,6000,5000,29-Nov-23
912,Bangalore,Ramanagara,Onion,Onion,FAQ,4000,6000,5000,24-Nov-23
913,Bangalore,Ramanagara,Onion,Onion,FAQ,4000,5500,5000,22-Nov-23
914,Bangalore,Ramanagara,Onion,Onion,FAQ,5000,6000,5500,18-Nov-23
915,Bangalore,Ramanagara,Onion,Onion,FAQ,5000,6000,5500,15-Nov-23
916,Bangalore,Ramanagara,Onion,Onion,FAQ,4000,6000,5200,08-Nov-23
917,Bangalore,Ramanagara,Onion,Onion,FAQ,7000,8000,7600,01-Nov-23
918,Bangalore,Ramanagara,Onion,Onion,FAQ,4400,5500,5000,25-Oct-23